Count,Tradelist Count,Name,Edition,Condition,Language,Foil,Tags,Last Modified,Collector Number,Alter,Proxy,Purchase Price
1,1,Aid the Fallen,war,Near Mint,English,,,2023-04-06 15:04:39.148419,76,False,False,
1,1,"Ashiok, Dream Render",war,Near Mint,English,,,2023-04-06 15:04:39.148822,228,False,False,
1,1,Bolas's Citadel,war,Near Mint,English,,,2023-04-06 15:04:39.149776,79,False,False,
1,1,"Dovin, Hand of Control",war,Near Mint,English,,,2023-04-06 15:04:39.150397,229,False,False,
1,1,Tamiyo's Epiphany,war,Near Mint,English,,,2023-04-06 15:04:39.151003,71,False,False,
1,1,Rescuer Sphinx,war,Near Mint,English,,,2023-04-06 15:04:39.151587,65,False,False,
1,1,Leyline Prowler,war,Near Mint,English,,,2023-04-06 15:04:39.152160,202,False,False,
1,1,God-Pharaoh's Statue,war,Near Mint,English,,,2023-04-06 15:04:39.152737,238,False,False,
1,1,Kaya's Ghostform,war,Near Mint,English,,,2023-04-06 15:04:39.153311,94,False,False,
1,1,"Jace, Wielder of Mysteries",war,Near Mint,English,foil,,2023-04-06 15:04:39.153876,54,False,False,
1,1,"Narset, Parter of Veils",war,Near Mint,English,,,2023-04-06 15:04:39.154418,61,False,False,
1,1,Neoform,war,Near Mint,English,,,2023-04-06 15:04:39.154955,206,False,False,
1,1,"Tamiyo, Collector of Tales",war,Near Mint,English,,,2023-04-06 15:04:39.155490,220,False,False,
1,1,Erratic Visionary,war,Near Mint,English,,,2023-04-06 15:04:39.156022,48,False,False,
1,1,Airlift Chaplain,bro,Near Mint,English,foil,,2023-04-06 15:04:39.156553,2,False,False,
1,1,Gix's Command,bro,Near Mint,English,,,2023-04-06 15:04:39.157083,97,False,False,
1,1,Meticulous Excavation,bro,Near Mint,English,,,2023-04-06 15:04:39.157610,16,False,False,
1,1,Dreams of Steel and Oil,bro,Near Mint,English,,,2023-04-06 15:04:39.158140,92,False,False,
1,1,Blackblade Reforged,rfbro,Near Mint,English,,,2023-04-06 15:04:39.158674,6,False,False,
1,1,Mesmeric Orb,rfbro,Near Mint,English,,,2023-04-06 15:04:39.159213,31,False,False,
1,1,Psychosis Crawler,rfbro,Near Mint,English,,,2023-04-06 15:04:39.159743,44,False,False,
1,1,Pristine Talisman,rfbro,Near Mint,English,,,2023-04-06 15:04:39.160273,43,False,False,
1,1,Possessed Portal,5dn,Near Mint,English,,,2023-04-06 15:04:39.160800,144,False,False,
1,1,Zephid's Embrace,us,Near Mint,English,,,2023-04-06 15:04:39.161324,114,False,False,
1,1,Exhaustion,us,Near Mint,English,,,2023-04-06 15:04:39.161852,74,False,False,
1,1,Attunement,us,Near Mint,English,,,2023-04-06 15:04:39.162363,61,False,False,
1,1,Priest of Titania,us,Near Mint,English,,,2023-04-06 15:04:39.162854,270,False,False,
1,1,Farideh's Fireball,afr,Near Mint,English,,,2023-04-06 15:04:39.163341,142,False,False,
1,1,Contact Other Plane,afr,Near Mint,English,,,2023-04-06 15:04:39.163829,52,False,False,
1,1,Wish,afr,Near Mint,English,,,2023-04-06 15:04:39.164316,166,False,False,
1,1,Sphere of Annihilation,afr,Near Mint,English,,,2023-04-06 15:04:39.164808,121,False,False,
1,1,Mimic,afr,Near Mint,English,,,2023-04-06 15:04:39.165296,249,False,False,
1,1,Evolving Wilds,afr,Near Mint,English,,,2023-04-06 15:04:39.165800,256,False,False,
1,1,Thornbite Staff,mt,Near Mint,English,,,2023-04-06 15:04:39.166318,145,False,False,
1,1,Oona's Blackguard,mt,Near Mint,English,,,2023-04-06 15:04:39.166833,72,False,False,
1,1,Inspired Sprite,mt,Near Mint,English,,,2023-04-06 15:04:39.167345,37,False,False,
1,1,Approach of the Second Sun,akh,Near Mint,English,,,2023-04-06 15:04:39.167853,4,False,False,
1,1,Kefnet the Mindful,akh,Near Mint,English,,,2023-04-06 15:04:39.168368,59,False,False,
1,1,Throne of the God-Pharaoh,akh,Near Mint,English,,,2023-04-06 15:04:39.168889,237,False,False,
1,1,Winds of Rebuke,akh,Near Mint,English,,,2023-04-06 15:04:39.169664,76,False,False,
1,1,Fertilid,arc,Near Mint,English,,,2023-04-06 15:04:39.170297,54,False,False,
1,1,"Mikaeus, the Unhallowed",dka,Near Mint,English,,,2023-04-06 15:04:39.170868,70,False,False,
1,1,Sylvan Scrying,bfz,Near Mint,English,,,2023-04-06 15:04:39.171418,192,False,False,
1,1,Dispel,bfz,Near Mint,English,,,2023-04-06 15:04:39.171953,76,False,False,
1,1,Blighted Woodland,bfz,Near Mint,English,,,2023-04-06 15:04:39.172472,233,False,False,
1,1,"Kiora, Master of the Depths",bfz,Near Mint,English,,,2023-04-06 15:04:39.173025,213,False,False,
1,1,Vampiric Rites,bfz,Near Mint,English,,,2023-04-06 15:04:39.173580,124,False,False,
1,1,Evolving Wilds,bfz,Near Mint,English,,,2023-04-06 15:04:39.174131,236,False,False,
1,1,"Gwafa Hazid, Profiteer",bbd,Near Mint,English,,,2023-04-06 15:04:39.174670,223,False,False,
1,1,Tidespout Tyrant,bbd,Near Mint,English,,,2023-04-06 15:04:39.175200,134,False,False,
1,1,Sakura-Tribe Elder,chk,Near Mint,English,,,2023-04-06 15:04:39.176521,239,False,False,
1,1,Heartbeat of Spring,chk,Near Mint,English,,,2023-04-06 15:04:39.177063,212,False,False,
1,1,Dash Hopes,pc,Near Mint,English,,,2023-04-06 15:04:39.177601,68,False,False,
1,1,Poultice Sliver,pc,Near Mint,English,,,2023-04-06 15:04:39.178129,11,False,False,
1,1,Firefright Mage,pc,Near Mint,English,,,2023-04-06 15:04:39.178653,99,False,False,
1,1,Seal of Primordium,pc,Near Mint,English,,,2023-04-06 15:04:39.179177,153,False,False,
1,1,Ashnod's Altar,ch,Near Mint,English,,,2023-04-06 15:04:39.179695,9v,False,False,
1,1,Vaevictis Asmadi,ch,Near Mint,English,,,2023-04-06 15:04:39.180210,118v,False,False,
1,1,Exsanguinate,som,Near Mint,English,,,2023-04-06 15:04:39.180729,61,False,False,
1,1,Barren Moor,cmd,Near Mint,English,,,2023-04-06 15:04:39.181244,266,False,False,
1,1,Skyscribing,cmd,Near Mint,English,,,2023-04-06 15:04:39.181751,61,False,False,
1,1,Bant Panorama,c13,Near Mint,English,,,2023-04-06 15:04:39.182265,276,False,False,
1,1,Viseling,c13,Near Mint,English,,,2023-04-06 15:04:39.182766,269,False,False,
1,1,Spoils of Victory,c13,Near Mint,English,,,2023-04-06 15:04:39.183270,172,False,False,
1,1,Magus of the Coffers,c14,Near Mint,English,,,2023-04-06 15:04:39.183773,148,False,False,
1,1,Return to Dust,c14,Near Mint,English,,,2023-04-06 15:04:39.184279,85,False,False,
1,1,Kodama's Reach,c15,Near Mint,English,,,2023-04-06 15:04:39.184781,188,False,False,
1,1,Aura of Silence,c15,Near Mint,English,,,2023-04-06 15:04:39.185279,60,False,False,
1,1,Fumiko the Lowblood,c15,Near Mint,English,,,2023-04-06 15:04:39.185779,155,False,False,
1,1,Mind Stone,c15,Near Mint,English,,,2023-04-06 15:04:39.186282,259,False,False,
1,1,Sun Titan,c15,Near Mint,English,,,2023-04-06 15:04:39.186788,82,False,False,
1,1,Worm Harvest,c16,Near Mint,English,,,2023-04-06 15:04:39.187289,238,False,False,
1,1,Blood Artist,c17,Near Mint,English,,,2023-04-06 15:04:39.187791,99,False,False,
1,1,Magus of the Abyss,c17,Near Mint,English,,,2023-04-06 15:04:39.188303,115,False,False,
1,1,Sol Ring,c18,Near Mint,English,,,2023-04-06 15:04:39.188841,222,False,False,
2,1,Archetype of Imagination,c18,Near Mint,English,,,2023-04-06 15:04:39.189423,81,False,False,
1,1,Night Incarnate,c18,Near Mint,English,,,2023-04-06 15:04:39.189945,17,False,False,
1,1,Jund Panorama,c18,Near Mint,English,,,2023-04-06 15:04:39.190443,258,False,False,
1,1,Bojuka Bog,c18,Near Mint,English,,,2023-04-06 15:04:39.190948,238,False,False,
1,1,Sol Ring,c19,Near Mint,English,,,2023-04-06 15:04:39.191449,221,False,False,
1,1,Burnished Hart,c19,Near Mint,English,,,2023-04-06 15:04:39.191950,211,False,False,
3,1,Commander's Sphere,c19,Near Mint,English,,,2023-04-06 15:04:39.192450,212,False,False,
1,1,"Garruk, Primal Hunter",c19,Near Mint,English,,,2023-04-06 15:04:39.192952,167,False,False,
1,1,Lightning Greaves,c19,Near Mint,English,,,2023-04-06 15:04:39.193451,217,False,False,
1,1,Myriad Landscape,c19,Near Mint,English,,,2023-04-06 15:04:39.193952,261,False,False,
1,1,Bane of the Living,c19,Near Mint,English,,,2023-04-06 15:04:39.194450,104,False,False,
1,1,Secrets of the Dead,c19,Near Mint,English,,,2023-04-06 15:04:39.194948,95,False,False,
1,1,Temple of the False God,c19,Near Mint,English,,,2023-04-06 15:04:39.195451,280,False,False,
1,1,Sunken Hollow,c19,Near Mint,English,,,2023-04-06 15:04:39.195950,278,False,False,
1,1,Yavimaya Coast,c20,Near Mint,English,,,2023-04-06 15:04:39.196451,322,False,False,
1,1,Species Specialist,c20,Near Mint,English,,,2023-04-06 15:04:39.196952,47,False,False,
1,1,Mulldrifter,c20,Near Mint,English,,,2023-04-06 15:04:39.197451,117,False,False,
1,1,Taste of Death,c21,Near Mint,English,,,2023-04-06 15:04:39.197949,156,False,False,
1,1,Ponder,c21,Near Mint,English,,,2023-04-06 15:04:39.198449,125,False,False,
1,1,Promise of Loyalty,c21,Near Mint,English,,,2023-04-06 15:04:39.198950,21,False,False,
1,1,Commander's Insight,c21,Near Mint,English,,,2023-04-06 15:04:39.199456,23,False,False,
1,1,Butcher of Malakir,cma2,Near Mint,English,,,2023-04-06 15:04:39.199970,50,False,False,
1,1,Farhaven Elf,cma2,Near Mint,English,,,2023-04-06 15:04:39.200480,109,False,False,
1,1,Thornwind Faeries,cma2,Near Mint,English,,,2023-04-06 15:04:39.200995,42,False,False,
1,1,Satyr Wayfinder,cma2,Near Mint,English,,,2023-04-06 15:04:39.201508,143,False,False,
1,1,Curse of the Nightly Hunt,cm2,Near Mint,English,,,2023-04-06 15:04:39.202018,90,False,False,
1,1,Exotic Orchard,cm2,Near Mint,English,,,2023-04-06 15:04:39.202534,250,False,False,
1,1,Underground River,cm2,Near Mint,English,,,2023-04-06 15:04:39.203051,275,False,False,
1,1,Soul of Eternity,cmr,Near Mint,English,,,2023-04-06 15:04:39.203575,50,False,False,
1,1,Expedite,cmr,Near Mint,English,,,2023-04-06 15:04:39.204102,413,False,False,
1,1,Deranged Assistant,cmr,Near Mint,English,,,2023-04-06 15:04:39.204625,65,False,False,
1,1,Staff of Domination,cmr,Near Mint,English,,,2023-04-06 15:04:39.205142,343,False,False,
1,1,"Colfenor, the Last Yew",cmr,Near Mint,English,,,2023-04-06 15:04:39.205656,274,False,False,
1,1,Body of Knowledge,cmr,Near Mint,English,,,2023-04-06 15:04:39.206179,59,False,False,
1,1,Court of Cunning,cmr,Near Mint,English,,,2023-04-06 15:04:39.206691,63,False,False,
1,1,Nevinyrral's Disk,cmr,Near Mint,English,,,2023-04-06 15:04:39.207207,328,False,False,
1,1,Siren Stormtamer,cmr,Near Mint,English,,,2023-04-06 15:04:39.207715,96,False,False,
1,1,Fyndhorn Elves,cmr,Near Mint,English,,,2023-04-06 15:04:39.208218,228,False,False,
1,1,Dragon Mantle,cmr,Near Mint,English,,,2023-04-06 15:04:39.208719,174,False,False,
1,1,"Nymris, Oona's Trickster",cmr,Near Mint,English,,,2023-04-06 15:04:39.209228,288,False,False,
1,1,Opal Palace,cmr,Near Mint,English,,,2023-04-06 15:04:39.209728,352,False,False,
1,1,Imperious Perfect,cmr,Near Mint,English,,,2023-04-06 15:04:39.210227,235,False,False,
1,1,Preordain,cmr,Near Mint,English,,,2023-04-06 15:04:39.210731,84,False,False,
1,1,War Room,cmr,Near Mint,English,,,2023-04-06 15:04:39.211228,361,False,False,
1,1,Command Tower,cmr,Near Mint,English,,,2023-04-06 15:04:39.211733,350,False,False,
1,1,Terramorphic Expanse,cmr,Near Mint,English,foil,,2023-04-06 15:04:39.212236,357,False,False,
1,1,Manifold Key,clb,Near Mint,English,,,2023-04-06 15:04:39.212741,319,False,False,
1,1,Elminster,clb,Near Mint,English,,,2023-04-06 15:04:39.213259,274,False,False,
1,1,Displacer Kitten,clb,Near Mint,English,,,2023-04-06 15:04:39.213767,63,False,False,
1,1,Mindcrank,clb,Near Mint,English,,,2023-04-06 15:04:39.214268,866,False,False,
1,1,Black Market,clb,Near Mint,English,,,2023-04-06 15:04:39.214770,739,False,False,
1,1,Decanter of Endless Water,rbclb,Near Mint,English,,,2023-04-06 15:04:39.215271,444,False,False,
1,1,"Oji, the Exquisite Blade",rbclb,Near Mint,English,,,2023-04-06 15:04:39.215779,436,False,False,
1,1,Thrakkus the Butcher,rbclb,Near Mint,English,,,2023-04-06 15:04:39.216287,440,False,False,
1,1,Rith's Grove,ps,Near Mint,English,,,2023-04-06 15:04:39.216792,141,False,False,
1,1,Terminal Moraine,ps,Near Mint,English,,,2023-04-06 15:04:39.217294,142,False,False,
1,1,Treva's Ruins,ps,Near Mint,English,,,2023-04-06 15:04:39.217792,143,False,False,
1,1,Bite of the Black Rose,cns,Near Mint,English,,,2023-04-06 15:04:39.218290,26,False,False,
1,1,Brago's Representative,cns,Near Mint,English,,,2023-04-06 15:04:39.218791,14,False,False,
1,1,Custodi Squire,cns,Near Mint,English,,,2023-04-06 15:04:39.219296,18,False,False,
1,1,Grudge Keeper,cns,Near Mint,English,,,2023-04-06 15:04:39.219815,28,False,False,
1,1,Magister of Worth,cns,Near Mint,English,,,2023-04-06 15:04:39.220318,48,False,False,
1,1,Split Decision,cns,Near Mint,English,,,2023-04-06 15:04:39.220823,25,False,False,
1,1,Tyrant's Choice,cns,Near Mint,English,,,2023-04-06 15:04:39.221326,30,False,False,
1,1,Birds of Paradise,cn2,Near Mint,English,,,2023-04-06 15:04:39.221835,176v,False,False,
1,1,Ballot Broker,cn2,Near Mint,English,,,2023-04-06 15:04:39.222338,13v,False,False,
1,1,Illusion of Choice,cn2,Near Mint,English,,,2023-04-06 15:04:39.222839,31v,False,False,
1,1,Fleshbag Marauder,cn2,Near Mint,English,,,2023-04-06 15:04:39.223341,136v,False,False,
1,1,Serum Visions,cn2,Near Mint,English,,,2023-04-06 15:04:39.223843,120v,False,False,
1,1,Rupture Spire,m19,Near Mint,English,,,2023-04-06 15:04:39.224347,255,False,False,
1,1,Epicure of Blood,m19,Near Mint,English,,,2023-04-06 15:04:39.224852,95,False,False,
1,1,Reassembling Skeleton,m19,Near Mint,English,,,2023-04-06 15:04:39.225352,116,False,False,
1,1,Stitcher's Supplier,m19,Near Mint,English,,,2023-04-06 15:04:39.225854,121,False,False,
1,1,Elvish Rejuvenator,m19,Near Mint,English,,,2023-04-06 15:04:39.226356,180,False,False,
1,1,Reckless Air Strike,m20,Near Mint,English,,,2023-04-06 15:04:39.226857,154,False,False,
1,1,Act of Treason,m20,Near Mint,English,,,2023-04-06 15:04:39.227358,124,False,False,
1,1,Gravewaker,m20,Near Mint,English,,,2023-04-06 15:04:39.227860,323os,False,False,
1,1,Shivan Dragon,m20,Near Mint,English,,,2023-04-06 15:04:39.228360,335os,False,False,
1,1,Engulfing Eruption,m20,Near Mint,English,,,2023-04-06 15:04:39.228866,328,False,False,
2,1,Murder,m20,Near Mint,English,,,2023-04-06 15:04:39.229367,109,False,False,
1,1,Rule of Law,m20,Near Mint,English,,,2023-04-06 15:04:39.229869,35,False,False,
1,1,Chandra's Magmutt,m21,Near Mint,English,foil,,2023-04-06 15:04:39.230370,137,False,False,
1,1,Riddleform,m21,Near Mint,English,,,2023-04-06 15:04:39.230871,64,False,False,
1,1,Garruk's Gorehorn,m21,Near Mint,English,,,2023-04-06 15:04:39.231372,184,False,False,
2,1,Goblin Arsonist,m21,Near Mint,English,,,2023-04-06 15:04:39.231877,147,False,False,
1,1,Rewind,m21,Near Mint,English,foil,,2023-04-06 15:04:39.232379,63,False,False,
1,1,Grim Tutor,m21,Near Mint,English,,,2023-04-06 15:04:39.232879,103,False,False,
1,1,Llanowar Visionary,m21,Near Mint,English,,,2023-04-06 15:04:39.233378,193,False,False,
1,1,Teferi's Tutelage,m21cb,Near Mint,English,,,2023-04-06 15:04:39.233882,296,False,False,
1,1,Wirefly Hive,ds,Near Mint,English,,,2023-04-06 15:04:39.234384,161,False,False,
1,1,Skullclamp,ds,Near Mint,English,,,2023-04-06 15:04:39.234886,140,False,False,
1,1,Composite Golem,10e,Near Mint,English,,,2023-04-06 15:04:39.235385,318,False,False,
1,1,Highway Robber,10e,Near Mint,English,,,2023-04-06 15:04:39.235888,150,False,False,
1,1,No Rest for the Wicked,10e,Near Mint,English,,,2023-04-06 15:04:39.236388,165,False,False,
1,1,Mire's Toll,wwk,Near Mint,English,,,2023-04-06 15:04:39.236890,60,False,False,
1,1,Merciless Executioner,frf,Near Mint,English,,,2023-04-06 15:04:39.237396,76,False,False,
1,1,"Tasigur, the Golden Fang",frf,Near Mint,English,,,2023-04-06 15:04:39.237897,87,False,False,
1,1,"Baird, Steward of Argive",dom,Near Mint,English,,,2023-04-06 15:04:39.238399,4,False,False,
30,1,Rat Colony,dom,Near Mint,English,,,2023-04-06 15:04:39.238905,101,False,False,
1,1,Phyrexian Scriptures,dom,Near Mint,English,,,2023-04-06 15:04:39.239411,100,False,False,
1,1,Cabal Stronghold,dom,Near Mint,English,,,2023-04-06 15:04:39.239919,238,False,False,
1,1,Gilded Lotus,dom,Near Mint,English,,,2023-04-06 15:04:39.240424,215,False,False,
1,1,Memorial to Folly,dom,Near Mint,English,,,2023-04-06 15:04:39.240926,242,False,False,
1,1,The Eldest Reborn,dom,Near Mint,English,,,2023-04-06 15:04:39.241430,90,False,False,
1,1,Fall of the Thran,dom,Near Mint,English,,,2023-04-06 15:04:39.241934,18,False,False,
1,1,"Shalai, Voice of Plenty",dom,Near Mint,English,,,2023-04-06 15:04:39.242436,35,False,False,
1,1,Time of Ice,dom,Near Mint,English,,,2023-04-06 15:04:39.242941,70,False,False,
1,1,Demonic Vigor,dom,Near Mint,English,,,2023-04-06 15:04:39.243446,85,False,False,
1,1,Elvish Aberration,dmr,Near Mint,English,,,2023-04-06 15:04:39.243947,156,False,False,
1,1,Deep Analysis,dmr,Near Mint,English,,,2023-04-06 15:04:39.244448,46,False,False,
1,1,Frantic Search,dmr,Near Mint,English,,,2023-04-06 15:04:39.244950,51,False,False,
1,1,Lull,dmr,Near Mint,English,,,2023-04-06 15:04:39.245456,169,False,False,
1,1,Drifting Meadow,dmr,Near Mint,English,,,2023-04-06 15:04:39.245957,245,False,False,
1,1,Horseshoe Crab,dmr,Near Mint,English,,,2023-04-06 15:04:39.246460,55,False,False,
1,1,Slippery Karst,dmr,Near Mint,English,,,2023-04-06 15:04:39.246961,256,False,False,
1,1,Wrath of God,dmr,Near Mint,English,,,2023-04-06 15:04:39.247462,37,False,False,
1,1,Counterspell,dmr,Near Mint,English,,,2023-04-06 15:04:39.247964,45,False,False,
1,1,Wild Growth,dmr,Near Mint,English,,,2023-04-06 15:04:39.248467,184,False,False,
1,1,Damping Sphere,dmr,Near Mint,English,,,2023-04-06 15:04:39.248980,219,False,False,
1,1,Snap,dmr,Near Mint,English,,,2023-04-06 15:04:39.249485,66,False,False,
1,1,Fireblast,dmr,Near Mint,English,,,2023-04-06 15:04:39.249994,119,False,False,
1,1,Solar Blast,dmr,Near Mint,English,,,2023-04-06 15:04:39.250498,140,False,False,
1,1,Stroke of Genius,dmr,Near Mint,English,,,2023-04-06 15:04:39.251004,67,False,False,
1,1,Jester's Cap,dmr,Near Mint,English,,,2023-04-06 15:04:39.251511,227,False,False,
1,1,Spark Spray,dmr,Near Mint,English,,,2023-04-06 15:04:39.252019,141,False,False,
1,1,Flametongue Kavu,dmr,Near Mint,English,,,2023-04-06 15:04:39.252524,120,False,False,
1,1,Circular Logic,dmr,Near Mint,English,,,2023-04-06 15:04:39.253028,42,False,False,
1,1,Urborg Syphon-Mage,dmr,Near Mint,English,,,2023-04-06 15:04:39.253536,106,False,False,
1,1,High Tide,dmr,Near Mint,English,,,2023-04-06 15:04:39.254045,54,False,False,
1,1,Goblin Matron,dmr,Near Mint,English,foil,,2023-04-06 15:04:39.254562,123,False,False,
1,1,Ornithopter,dmr,Near Mint,English,,,2023-04-06 15:04:39.255094,233,False,False,
1,1,Ovinize,dmr,Near Mint,English,,,2023-04-06 15:04:39.255614,63,False,False,
1,1,Pacifism,dmr,Near Mint,English,,,2023-04-06 15:04:39.256117,19,False,False,
1,1,Momentary Blink,dmr,Near Mint,English,,,2023-04-06 15:04:39.256620,15,False,False,
1,1,Skirk Prospector,dmr,Near Mint,English,,,2023-04-06 15:04:39.257123,137,False,False,
1,1,Recoil,dmr,Near Mint,English,,,2023-04-06 15:04:39.257629,197,False,False,
1,1,Chain Lightning,dmr,Near Mint,English,,,2023-04-06 15:04:39.258141,113,False,False,
1,1,Divine Sacrament,dmr,Near Mint,English,,,2023-04-06 15:04:39.258645,5,False,False,
1,1,Terror,dmr,Near Mint,English,,,2023-04-06 15:04:39.259156,103,False,False,
1,1,Orim's Thunder,dmr,Near Mint,English,,,2023-04-06 15:04:39.259662,18,False,False,
1,1,Fa'adiyah Seer,dmr,Near Mint,English,,,2023-04-06 15:04:39.260168,160,False,False,
1,1,Decimate,bldmr,Near Mint,English,,,2023-04-06 15:04:39.260672,444,False,False,
1,1,Windborn Muse,bldmr,Near Mint,English,,,2023-04-06 15:04:39.261176,415,False,False,
1,1,Triskelion,bldmr,Near Mint,English,,,2023-04-06 15:04:39.261681,452,False,False,
1,1,Sawtooth Loon,rfdmr,Near Mint,English,,,2023-04-06 15:04:39.262187,367,False,False,
1,1,Entomb,rfdmr,Near Mint,English,,,2023-04-06 15:04:39.262707,304,False,False,
1,1,Vampiric Tutor,rfdmr,Near Mint,English,,,2023-04-06 15:04:39.263212,314,False,False,
1,1,Sol'Kanar the Tainted,dmu,Near Mint,English,,,2023-04-06 15:04:39.263716,219,False,False,
1,1,Phyrexian Vivisector,dmu,Near Mint,English,,,2023-04-06 15:04:39.264219,100,False,False,
1,1,Llanowar Loamspeaker,pdmu,Near Mint,English,,,2023-04-06 15:04:39.264723,428,False,False,
1,1,"Stenn, Paranoid Partisan",sgdmu,Near Mint,English,foil,,2023-04-06 15:04:39.265228,320,False,False,
1,1,Command Tower,dmc,Near Mint,English,,,2023-04-06 15:04:39.265732,204,False,False,
1,1,Terramorphic Expanse,dmc,Near Mint,English,,,2023-04-06 15:04:39.266234,239,False,False,
1,1,Walking Ballista,2xm,Near Mint,English,,,2023-04-06 15:04:39.266739,306,False,False,
1,1,Everflowing Chalice,2xm,Near Mint,English,,,2023-04-06 15:04:39.267245,254,False,False,
1,1,Mana Echoes,2xm,Near Mint,English,,,2023-04-06 15:04:39.267750,136,False,False,
1,1,Time Sieve,2xm,Near Mint,English,,,2023-04-06 15:04:39.268256,223,False,False,
1,1,Well of Ideas,2xm,Near Mint,English,,,2023-04-06 15:04:39.268760,75,False,False,
1,1,Grand Arbiter Augustin IV,2x2,Near Mint,English,,,2023-04-06 15:04:39.269271,221,False,False,
1,1,Reveillark,2x2,Near Mint,English,,,2023-04-06 15:04:39.269775,26,False,False,
1,1,Mana Vault,2x2,Near Mint,English,,,2023-04-06 15:04:39.270279,308,False,False,
1,1,Devoted Druid,2x2,Near Mint,English,,,2023-04-06 15:04:39.270783,143,False,False,
1,1,Summer Bloom,2x2,Near Mint,English,,,2023-04-06 15:04:39.271291,160,False,False,
1,1,"Karador, Ghost Chieftain",2x2,Near Mint,English,,,2023-04-06 15:04:39.271795,238,False,False,
1,1,Thrumming Stone,2x2,Near Mint,English,,,2023-04-06 15:04:39.272299,315,False,False,
1,1,"Ulamog, the Infinite Gyre",2x2,Near Mint,English,,,2023-04-06 15:04:39.272806,3,False,False,
1,1,Bring to Light,p2x2,Near Mint,English,foil,,2023-04-06 15:04:39.273312,579,False,False,
1,1,Sidisi's Faithful,dtk,Near Mint,English,,,2023-04-06 15:04:39.273818,74,False,False,
1,1,Foul-Tongue Shriek,dtk,Near Mint,English,foil,,2023-04-06 15:04:39.274323,103,False,False,
1,1,Foul-Tongue Shriek,dtk,Near Mint,English,,,2023-04-06 15:04:39.274892,103,False,False,
1,1,Twin Bolt,dtk,Near Mint,English,,,2023-04-06 15:04:39.275420,164,False,False,
1,1,"Sidisi, Undead Vizier",dtk,Near Mint,English,,,2023-04-06 15:04:39.275950,120,False,False,
1,1,AEther Spellbomb,ddf,Near Mint,English,,,2023-04-06 15:04:39.276528,61,False,False,
1,1,Fierce Empath,ddu,Near Mint,English,,,2023-04-06 15:04:39.277079,10v,False,False,
1,1,Elves of Deep Shadow,ddj,Near Mint,English,,,2023-04-06 15:04:39.277585,47,False,False,
1,1,Izzet Signet,ddj,Near Mint,English,,,2023-04-06 15:04:39.278092,17,False,False,
1,1,Nightmare Void,ddj,Near Mint,English,,,2023-04-06 15:04:39.278661,73,False,False,
1,1,Tainted Wood,ddm,Near Mint,English,,,2023-04-06 15:04:39.279215,78,False,False,
1,1,Stealer of Secrets,ddm,Near Mint,English,,,2023-04-06 15:04:39.279729,11,False,False,
1,1,Inkwell Leviathan,ddo,Near Mint,English,,,2023-04-06 15:04:39.280238,37,False,False,
1,1,"Talrand, Sky Summoner",dds,Near Mint,English,,,2023-04-06 15:04:39.280751,11,False,False,
1,1,Altar's Reap,ddr,Near Mint,English,,,2023-04-06 15:04:39.281260,37,False,False,
1,1,Tainted Field,ddk,Near Mint,English,,,2023-04-06 15:04:39.281773,34,False,False,
1,1,Corpse Connoisseur,ddk,Near Mint,English,,,2023-04-06 15:04:39.282282,54,False,False,
1,1,Demonic Consultation,ia,Near Mint,English,,,2023-04-06 15:04:39.282794,70v,False,False,
1,1,Snow-Covered Forest,ia,Near Mint,English,,,2023-04-06 15:04:39.283303,298v,False,False,
1,1,Fylgja,ia,Near Mint,English,,,2023-04-06 15:04:39.283812,114v,False,False,
1,1,Incinerate,ia,Near Mint,English,,,2023-04-06 15:04:39.284318,165v,False,False,
1,1,Jester's Mask,ia,Near Mint,English,,,2023-04-06 15:04:39.284827,172v,False,False,
1,1,Pestilence Rats,ia,Near Mint,English,,,2023-04-06 15:04:39.285335,255v,False,False,
1,1,Mystic Remora,ia,Near Mint,English,,,2023-04-06 15:04:39.285841,235v,False,False,
1,1,Basal Sliver,ts,Near Mint,English,,,2023-04-06 15:04:39.286350,96,False,False,
1,1,Two-Headed Sliver,ts,Near Mint,English,,,2023-04-06 15:04:39.286860,183,False,False,
1,1,Bonesplitter Sliver,ts,Near Mint,English,,,2023-04-06 15:04:39.287365,149,False,False,
1,1,Sidewinder Sliver,ts,Near Mint,English,,,2023-04-06 15:04:39.287871,41,False,False,
1,1,Ignite Memories,ts,Near Mint,English,,,2023-04-06 15:04:39.288378,164,False,False,
1,1,"Jaya Ballard, Task Mage",ts,Near Mint,English,,,2023-04-06 15:04:39.288891,166,False,False,
1,1,Ophidian Eye,ts,Near Mint,English,,,2023-04-06 15:04:39.289402,70,False,False,
1,1,Saffi Eriksdotter,ts,Near Mint,English,,,2023-04-06 15:04:39.289909,245,False,False,
1,1,Sliversmith,tsr,Near Mint,English,,,2023-04-06 15:04:39.290416,273,False,False,
1,1,Delay,tsr,Near Mint,English,,,2023-04-06 15:04:39.290925,61,False,False,
1,1,Farseek,tsr,Near Mint,English,,,2023-04-06 15:04:39.291432,363,False,False,
1,1,Zulaport Cutthroat,tsr,Near Mint,English,,,2023-04-06 15:04:39.291941,337,False,False,
1,1,Lotus Bloom,tsr,Near Mint,English,foil,,2023-04-06 15:04:39.292448,270,False,False,
1,1,Sudden Spoiling,tsr,Near Mint,English,,,2023-04-06 15:04:39.292956,144,False,False,
1,1,Children of Korlis,tsr,Near Mint,English,,,2023-04-06 15:04:39.293463,14,False,False,
1,1,Sedge Sliver,tsr,Near Mint,English,,,2023-04-06 15:04:39.293970,187,False,False,
1,1,Fury Sliver,tsr,Near Mint,English,foil,,2023-04-06 15:04:39.294476,164,False,False,
1,1,Spinneret Sliver,tsr,Near Mint,English,,,2023-04-06 15:04:39.294986,230,False,False,
1,1,Sinew Sliver,tsr,Near Mint,English,,,2023-04-06 15:04:39.295499,44,False,False,
1,1,Harmonic Sliver,tsr,Near Mint,English,foil,,2023-04-06 15:04:39.296010,254,False,False,
1,1,Homing Sliver,tsr,Near Mint,English,,,2023-04-06 15:04:39.296519,171,False,False,
1,1,Necrotic Sliver,tsr,Near Mint,English,,,2023-04-06 15:04:39.297028,258,False,False,
1,1,Pulmonic Sliver,tsr,Near Mint,English,,,2023-04-06 15:04:39.297539,34,False,False,
1,1,Sliver Legion,tsr,Near Mint,English,,,2023-04-06 15:04:39.298047,261,False,False,
1,1,Grapeshot,tsr,Near Mint,English,,,2023-04-06 15:04:39.298559,166,False,False,
1,1,Aven Mindcensor,tsr,Near Mint,English,,,2023-04-06 15:04:39.299074,5,False,False,
1,1,Pact of Negation,tsr,Near Mint,English,,,2023-04-06 15:04:39.299581,77,False,False,
1,1,Foresee,tsr,Near Mint,English,,,2023-04-06 15:04:39.300091,69,False,False,
1,1,Dreadship Reef,tsr,Near Mint,English,,,2023-04-06 15:04:39.300625,276,False,False,
1,1,Swarmyard,tsr,Near Mint,English,,,2023-04-06 15:04:39.301132,284,False,False,
1,1,Gaea's Blessing,ema,Near Mint,English,,,2023-04-06 15:04:39.301645,168,False,False,
1,1,Isochron Scepter,ema,Near Mint,English,,,2023-04-06 15:04:39.302153,223,False,False,
1,1,Mana Crypt,ema,Near Mint,English,,,2023-04-06 15:04:39.302662,225,False,False,
1,1,Peregrine Drake,ema,Near Mint,English,,,2023-04-06 15:04:39.303171,64,False,False,
1,1,Animate Dead,ema,Near Mint,English,,,2023-04-06 15:04:39.303681,78,False,False,
1,1,Victimize,ema,Near Mint,English,,,2023-04-06 15:04:39.304188,113,False,False,
1,1,Curiosity,ex,Near Mint,English,,,2023-04-06 15:04:39.304696,29,False,False,
1,1,Medicine Bag,ex,Near Mint,English,,,2023-04-06 15:04:39.305205,133,False,False,
1,1,Long-Term Plans,sc,Near Mint,English,,,2023-04-06 15:04:39.305715,38,False,False,
1,1,Dragon Fangs,sc,Near Mint,English,,,2023-04-06 15:04:39.306237,117,False,False,
1,1,Sliver Overlord,sc,Near Mint,English,,,2023-04-06 15:04:39.306748,139,False,False,
1,1,Dragon Shadow,sc,Near Mint,English,,,2023-04-06 15:04:39.307257,65,False,False,
1,1,Temple of the False God,sc,Near Mint,English,,,2023-04-06 15:04:39.307766,143,False,False,
1,1,Tainted Peak,afc,Near Mint,English,,,2023-04-06 15:04:39.308276,266,False,False,
1,1,Piper of the Swarm,afc,Near Mint,English,,,2023-04-06 15:04:39.308789,106,False,False,
1,1,Propaganda,afc,Near Mint,English,,,2023-04-06 15:04:39.309304,91,False,False,
1,1,Netherese Puzzle-Ward,afc,Near Mint,English,,,2023-04-06 15:04:39.309815,17,False,False,
1,1,Intruder Alarm,sh,Near Mint,English,,,2023-04-06 15:04:39.310324,55v,False,False,
1,1,Hermit Druid,sh,Near Mint,English,,,2023-04-06 15:04:39.310834,48v,False,False,
1,1,Crystalline Sliver,sh,Near Mint,English,,,2023-04-06 15:04:39.311347,23v,False,False,
1,1,Spined Sliver,sh,Near Mint,English,,,2023-04-06 15:04:39.311864,114v,False,False,
1,1,Hesitation,sh,Near Mint,English,,,2023-04-06 15:04:39.312376,49v,False,False,
1,1,Heartstone,sh,Near Mint,English,,,2023-04-06 15:04:39.312885,46v,False,False,
1,1,Invasion Plans,sh,Near Mint,English,,,2023-04-06 15:04:39.313395,56v,False,False,
1,1,Lab Rats,sh,Near Mint,English,,,2023-04-06 15:04:39.313907,58v,False,False,
1,1,Ad Nauseam,ala,Near Mint,English,,,2023-04-06 15:04:39.314424,63,False,False,
1,1,Executioner's Capsule,ala,Near Mint,English,,,2023-04-06 15:04:39.314937,75,False,False,
1,1,Courier's Capsule,ala,Near Mint,English,foil,,2023-04-06 15:04:39.315450,37,False,False,
1,1,Crumbling Necropolis,ala,Near Mint,English,,,2023-04-06 15:04:39.315964,222,False,False,
1,1,Esper Panorama,ala,Near Mint,English,,,2023-04-06 15:04:39.316477,223,False,False,
1,1,Grixis Panorama,ala,Near Mint,English,,,2023-04-06 15:04:39.316991,224,False,False,
1,1,Noose Constrictor,fnmp,Near Mint,English,,,2023-04-06 15:04:39.317504,200s,False,False,
1,1,Glacial Chasm,v12,Near Mint,English,foil,,2023-04-06 15:04:39.318017,7,False,False,
1,1,Steam Vents,grn,Near Mint,English,,,2023-04-06 15:04:39.318532,257sv,False,False,
1,1,Midnight Reaper,grn,Near Mint,English,,,2023-04-06 15:04:39.319047,77sv,False,False,
1,1,Sacred Foundry,grn,Near Mint,English,,,2023-04-06 15:04:39.319561,254sv,False,False,
1,1,Chromatic Lantern,grn,Near Mint,English,,,2023-04-06 15:04:39.320071,233sv,False,False,
1,1,League Guildmage,grn,Near Mint,English,,,2023-04-06 15:04:39.320585,185sv,False,False,
1,1,Murmuring Mystic,grn,Near Mint,English,,,2023-04-06 15:04:39.321097,45sv,False,False,
1,1,"Niv-Mizzet, Parun",grn,Near Mint,English,,,2023-04-06 15:04:39.321608,192sv,False,False,
1,1,Doom Whisperer,grn,Near Mint,English,,,2023-04-06 15:04:39.322120,69sv,False,False,
1,1,Assassin's Trophy,grn,Near Mint,English,,,2023-04-06 15:04:39.322650,152sv,False,False,
1,1,Abrade,hou,Near Mint,English,,,2023-04-06 15:04:39.323185,83,False,False,
1,1,Firebrand Archer,hou,Near Mint,English,,,2023-04-06 15:04:39.323698,92,False,False,
1,1,Desert of the Glorified,hou,Near Mint,English,,,2023-04-06 15:04:39.324214,171,False,False,
1,1,Ramunap Excavator,hou,Near Mint,English,,,2023-04-06 15:04:39.324726,129,False,False,
1,1,Ruin Rat,hou,Near Mint,English,,,2023-04-06 15:04:39.325238,75,False,False,
1,1,Ipnu Rivulet,hou,Near Mint,English,,,2023-04-06 15:04:39.325749,180,False,False,
1,1,Fraying Sanity,hou,Near Mint,English,,,2023-04-06 15:04:39.326263,35,False,False,
1,1,Solemnity,hou,Near Mint,English,,,2023-04-06 15:04:39.326774,22,False,False,
1,1,Austere Command,ima,Near Mint,English,,,2023-04-06 15:04:39.327286,10,False,False,
1,1,Dissolve,ima,Near Mint,English,,,2023-04-06 15:04:39.327799,51,False,False,
1,1,Vizkopa Guildmage,ima,Near Mint,English,,,2023-04-06 15:04:39.328315,211,False,False,
1,1,Bastion of Remembrance,iko,Near Mint,English,,,2023-04-06 15:04:39.328838,73,False,False,
1,1,Light of Hope,iko,Near Mint,English,,,2023-04-06 15:04:39.329350,20,False,False,
1,1,Drannith Magistrate,iko,Near Mint,English,,,2023-04-06 15:04:39.329863,11,False,False,
1,1,Titans' Nest,iko,Near Mint,English,,,2023-04-06 15:04:39.330373,212,False,False,
1,1,Skull Prophet,iko,Near Mint,English,,,2023-04-06 15:04:39.330883,206,False,False,
1,1,"Zirda, the Dawnwaker",iko,Near Mint,English,,,2023-04-06 15:04:39.331396,233,False,False,
1,1,Splinterfright,isd,Near Mint,English,,,2023-04-06 15:04:39.331907,205,False,False,
1,1,Skeletal Grimace,isd,Near Mint,English,,,2023-04-06 15:04:39.332420,116,False,False,
1,1,Mirror-Mad Phantasm,isd,Near Mint,English,,,2023-04-06 15:04:39.332932,68,False,False,
1,1,Hinterland Harbor,isd,Near Mint,English,,,2023-04-06 15:04:39.333446,241,False,False,
1,1,Typhoid Rats,isd,Near Mint,English,,,2023-04-06 15:04:39.333956,120,False,False,
1,1,Stony Silence,isd,Near Mint,English,,,2023-04-06 15:04:39.334466,36,False,False,
1,1,Victim of Night,isd,Near Mint,English,,,2023-04-06 15:04:39.334977,124,False,False,
1,1,Lord of the Forsaken,mid,Near Mint,English,,,2023-04-06 15:04:39.335488,110,False,False,
1,1,Growth Spasm,mic,Near Mint,English,,,2023-04-06 15:04:39.335998,139,False,False,
1,1,Eternal Witness,mic,Near Mint,English,,,2023-04-06 15:04:39.336512,138,False,False,
1,1,Triskaidekaphile,cbmid,Near Mint,English,,,2023-04-06 15:04:39.337024,342,False,False,
1,1,Old Stickfingers,cbmid,Near Mint,English,,,2023-04-06 15:04:39.337536,321,False,False,
1,1,Consider,dbl,Near Mint,English,,,2023-04-06 15:04:39.338052,44,False,False,
1,1,End the Festivities,vow,Near Mint,English,,,2023-04-06 15:04:39.338564,155,False,False,
1,1,Syncopate,vow,Near Mint,English,,,2023-04-06 15:04:39.339081,83,False,False,
1,1,Swiftfoot Boots,voc,Near Mint,English,,,2023-04-06 15:04:39.339597,169,False,False,
1,1,Verity Circle,voc,Near Mint,English,,,2023-04-06 15:04:39.340112,116,False,False,
1,1,Underworld Connections,voc,Near Mint,English,,,2023-04-06 15:04:39.340622,138,False,False,
1,1,Swords to Plowshares,voc,Near Mint,English,,,2023-04-06 15:04:39.341137,99,False,False,
1,1,Kami of the Crescent Moon,voc,Near Mint,English,,,2023-04-06 15:04:39.341647,107,False,False,
2,1,Night's Whisper,voc,Near Mint,English,,,2023-04-06 15:04:39.342162,133,False,False,
1,1,Temple of the False God,voc,Near Mint,English,,,2023-04-06 15:04:39.342675,187,False,False,
1,1,"Renfield, Delusional Minion // Eruth, Tormented Prophet",vvow,Near Mint,English,,,2023-04-06 15:04:39.343188,342,False,False,
1,1,Ratcatcher,di,Near Mint,English,,,2023-04-06 15:04:39.343725,52,False,False,
1,1,Vision Skeins,di,Near Mint,English,,,2023-04-06 15:04:39.344239,36,False,False,
1,1,Mountain,in,Near Mint,English,,,2023-04-06 15:04:39.344752,346,False,False,
1,1,Global Ruin,in,Near Mint,English,,,2023-04-06 15:04:39.345265,18,False,False,
1,1,Aphetto Dredging,on,Near Mint,English,,,2023-04-06 15:04:39.345779,125,False,False,
1,1,Fleet Swallower,xln,Near Mint,English,,,2023-04-06 15:04:39.346294,57,False,False,
1,1,Vanquisher's Banner,xln,Near Mint,English,foil,,2023-04-06 15:04:39.346811,251,False,False,
1,1,Rummaging Goblin,xln,Near Mint,English,,,2023-04-06 15:04:39.347331,160,False,False,
1,1,Spell Swindle,xln,Near Mint,English,,,2023-04-06 15:04:39.347849,82,False,False,
1,1,River's Rebuke,xln,Near Mint,English,,,2023-04-06 15:04:39.348364,71,False,False,
1,1,Thriving Grove,jmp,Near Mint,English,,,2023-04-06 15:04:39.348886,34,False,False,
1,1,Tempting Witch,jmp,Near Mint,English,,,2023-04-06 15:04:39.349403,283,False,False,
1,1,Bake into a Pie,jmp,Near Mint,English,,,2023-04-06 15:04:39.349921,201,False,False,
1,1,Presence of Gond,jmp,Near Mint,English,,,2023-04-06 15:04:39.350437,420,False,False,
1,1,Flicker of Fate,j22,Near Mint,English,,,2023-04-06 15:04:39.350953,56,False,False,
1,1,Khalni Heart Expedition,j22,Near Mint,English,,,2023-04-06 15:04:39.351468,90,False,False,
1,1,Erdwal Illuminator,j22,Near Mint,English,,,2023-04-06 15:04:39.351987,291,False,False,
1,1,Primeval Herald,j22,Near Mint,English,,,2023-04-06 15:04:39.352502,42,False,False,
1,1,Rampaging Growth,j22,Near Mint,English,,,2023-04-06 15:04:39.353033,43,False,False,
1,1,Broken Bond,j22,Near Mint,English,,,2023-04-06 15:04:39.353551,636,False,False,
1,1,Avenger of Zendikar,j22,Near Mint,English,,,2023-04-06 15:04:39.354070,629,False,False,
1,1,Sparkmage's Gambit,ogw,Near Mint,English,,,2023-04-06 15:04:39.354591,117,False,False,
1,1,Warping Wail,ogw,Near Mint,English,,,2023-04-06 15:04:39.355109,12,False,False,
1,1,Negate,ogw,Near Mint,English,,,2023-04-06 15:04:39.355633,59,False,False,
1,1,Perpetual Timepiece,kld,Near Mint,English,,,2023-04-06 15:04:39.356156,227,False,False,
1,1,Ghirapur Orrery,kld,Near Mint,English,,,2023-04-06 15:04:39.356675,216,False,False,
1,1,Dramatic Reversal,kld,Near Mint,English,,,2023-04-06 15:04:39.357194,44,False,False,
1,1,Village Rites,khm,Near Mint,English,,,2023-04-06 15:04:39.357714,117,False,False,
1,1,"Kardur, Doomscourge",cbkhm,Near Mint,English,,,2023-04-06 15:04:39.358231,324,False,False,
1,1,Bloodfell Caves,neo,Near Mint,English,,,2023-04-06 15:04:39.358747,264,False,False,
1,1,Scoured Barrens,neo,Near Mint,English,,,2023-04-06 15:04:39.359268,274,False,False,
1,1,Mukotai Ambusher,neo,Near Mint,English,,,2023-04-06 15:04:39.359787,112,False,False,
1,1,"Hinata, Dawn-Crowned",neo,Near Mint,English,,,2023-04-06 15:04:39.360301,222,False,False,
1,1,Invoke Justice,neo,Near Mint,English,,,2023-04-06 15:04:39.360815,21,False,False,
1,1,Dockside Chef,neo,Near Mint,English,,,2023-04-06 15:04:39.361330,93,False,False,
1,1,When We Were Young,neo,Near Mint,English,,,2023-04-06 15:04:39.361848,43,False,False,
1,1,Reinforced Ronin,neo,Near Mint,English,,,2023-04-06 15:04:39.362363,158,False,False,
1,1,Sunblade Samurai,neo,Near Mint,English,,,2023-04-06 15:04:39.362879,39,False,False,
1,1,Explosive Singularity,neo,Near Mint,English,,,2023-04-06 15:04:39.363394,140,False,False,
1,1,Scrap Welder,neo,Near Mint,English,foil,,2023-04-06 15:04:39.363911,159,False,False,
1,1,Ecologist's Terrarium,neo,Near Mint,English,,,2023-04-06 15:04:39.364427,246,False,False,
1,1,Clawing Torment,neo,Near Mint,English,,,2023-04-06 15:04:39.364943,91,False,False,
2,1,You Are Already Dead,neo,Near Mint,English,foil,,2023-04-06 15:04:39.365458,129,False,False,
1,1,Arcane Signet,nec,Near Mint,English,,,2023-04-06 15:04:39.365974,144,False,False,
1,1,Jukai Naturalist,pneo,Near Mint,English,,,2023-04-06 15:04:39.366489,510,False,False,
1,1,Dokuchi Silencer,vneo,Near Mint,English,,,2023-04-06 15:04:39.367001,340,False,False,
1,1,Altar of the Brood,ktk,Near Mint,English,,,2023-04-06 15:04:39.367516,216,False,False,
1,1,Cranial Archive,ktk,Near Mint,English,,,2023-04-06 15:04:39.368036,218,False,False,
1,1,Sultai Ascendancy,ktk,Near Mint,English,,,2023-04-06 15:04:39.368551,203,False,False,
1,1,Polluted Delta,ktk,Near Mint,English,,,2023-04-06 15:04:39.369070,239,False,False,
1,1,Taigam's Scheming,ktk,Near Mint,English,,,2023-04-06 15:04:39.369588,57,False,False,
1,1,Mystic Monastery,ktk,Near Mint,English,,,2023-04-06 15:04:39.370104,236,False,False,
1,1,Stinkweed Imp,gk1g,Near Mint,English,,,2023-04-06 15:04:39.370621,53,False,False,
1,1,Coiling Oracle,gk2s,Near Mint,English,,,2023-04-06 15:04:39.371137,115s,False,False,
1,1,Breeding Pool,rna,Near Mint,English,,,2023-04-06 15:04:39.371657,246,False,False,
1,1,Spear Spewer,rna,Near Mint,English,,,2023-04-06 15:04:39.372172,117,False,False,
1,1,Awaken The Erstwhile,rna,Near Mint,English,,,2023-04-06 15:04:39.372687,61,False,False,
1,1,Smothering Tithe,rna,Near Mint,English,,,2023-04-06 15:04:39.373203,22,False,False,
1,1,Biomancer's Familiar,rna,Near Mint,English,,,2023-04-06 15:04:39.373722,158,False,False,
1,1,"Lavinia, Azorius Renegade",rna,Near Mint,English,,,2023-04-06 15:04:39.374236,189,False,False,
1,1,Clear the Mind,rna,Near Mint,English,,,2023-04-06 15:04:39.374752,34,False,False,
1,1,Hunter Sliver,le,Near Mint,English,,,2023-04-06 15:04:39.375267,102,False,False,
1,1,Plated Sliver,le,Near Mint,English,,,2023-04-06 15:04:39.375788,19,False,False,
1,1,Toxin Sliver,le,Near Mint,English,,,2023-04-06 15:04:39.376303,84,False,False,
1,1,Quick Sliver,le,Near Mint,English,,,2023-04-06 15:04:39.376820,136,False,False,
1,1,Shifting Sliver,le,Near Mint,English,,,2023-04-06 15:04:39.377335,52,False,False,
1,1,Ward Sliver,le,Near Mint,English,,,2023-04-06 15:04:39.377857,25,False,False,
1,1,Dreamborn Muse,le,Near Mint,English,,,2023-04-06 15:04:39.378380,36,False,False,
1,1,Root Sliver,le,Near Mint,English,,,2023-04-06 15:04:39.378904,137,False,False,
1,1,Shriekmaw,lw,Near Mint,English,,,2023-04-06 15:04:39.379428,139,False,False,
1,1,Amoeboid Changeling,lw,Near Mint,English,,,2023-04-06 15:04:39.379951,51,False,False,
1,1,Ringskipper,lw,Near Mint,English,,,2023-04-06 15:04:39.380470,81,False,False,
1,1,Faerie Trickery,lw,Near Mint,English,,,2023-04-06 15:04:39.380989,62,False,False,
1,1,Displace,emn,Near Mint,English,,,2023-04-06 15:04:39.381506,55,False,False,
1,1,Prophetic Ravings,emn,Near Mint,English,,,2023-04-06 15:04:39.382024,139,False,False,
1,1,Thermo-Alchemist,emn,Near Mint,English,,,2023-04-06 15:04:39.382541,147,False,False,
1,1,Whispersilk Cloak,m10,Near Mint,English,,,2023-04-06 15:04:39.383057,221,False,False,
1,1,Lightning Bolt,m10,Near Mint,English,,,2023-04-06 15:04:39.383577,146,False,False,
1,1,Telepathy,m10,Near Mint,English,,,2023-04-06 15:04:39.384095,74,False,False,
1,1,Cultivate,m11,Near Mint,English,,,2023-04-06 15:04:39.384611,168,False,False,
1,1,Sword of Vengeance,m11,Near Mint,English,,,2023-04-06 15:04:39.385128,216,False,False,
1,1,Silence,m11,Near Mint,English,,,2023-04-06 15:04:39.385647,30,False,False,
1,1,Viscera Seer,m11,Near Mint,English,,,2023-04-06 15:04:39.386167,120,False,False,
1,1,Ring of Evos Isle,m13,Near Mint,English,,,2023-04-06 15:04:39.386684,211,False,False,
1,1,Sign in Blood,m13,Near Mint,English,,,2023-04-06 15:04:39.387201,110,False,False,
1,1,Redirect,m13,Near Mint,English,,,2023-04-06 15:04:39.387720,64,False,False,
1,1,Courtly Provocateur,m13,Near Mint,English,,,2023-04-06 15:04:39.388240,46,False,False,
1,1,Essence Scatter,m13,Near Mint,English,,,2023-04-06 15:04:39.388756,50,False,False,
1,1,Acidic Slime,m13,Near Mint,English,,,2023-04-06 15:04:39.389276,159,False,False,
1,1,Rootbound Crag,m13,Near Mint,English,,,2023-04-06 15:04:39.389796,228,False,False,
1,1,Door to Nothingness,m13,Near Mint,English,,,2023-04-06 15:04:39.390314,203,False,False,
1,1,Ravenous Rats,m13,Near Mint,English,,,2023-04-06 15:04:39.390831,106,False,False,
1,1,Diabolic Revelation,m13,Near Mint,English,,,2023-04-06 15:04:39.391350,87,False,False,
1,1,Hive Stirrings,m14,Near Mint,English,,,2023-04-06 15:04:39.391868,21,False,False,
1,1,Archaeomancer,m14,Near Mint,English,,,2023-04-06 15:04:39.392386,43,False,False,
1,1,Cancel,m14,Near Mint,English,,,2023-04-06 15:04:39.392903,45,False,False,
1,1,Flames of the Firebrand,m14,Near Mint,English,,,2023-04-06 15:04:39.393425,139,False,False,
1,1,Shock,m14,Near Mint,English,,,2023-04-06 15:04:39.393940,155,False,False,
1,1,Duress,m14,Near Mint,English,foil,,2023-04-06 15:04:39.394460,97,False,False,
1,1,Sliver Construct,m14,Near Mint,English,,,2023-04-06 15:04:39.394981,218,False,False,
1,1,Pitchburn Devils,m14,Near Mint,English,,,2023-04-06 15:04:39.395502,149,False,False,
1,1,Dismiss into Dream,m14,Near Mint,English,,,2023-04-06 15:04:39.396019,50,False,False,
1,1,Divination,m14,Near Mint,English,,,2023-04-06 15:04:39.396543,52,False,False,
1,1,Messenger Drake,m14,Near Mint,English,,,2023-04-06 15:04:39.397061,63,False,False,
1,1,Elixir of Immortality,m14,Near Mint,English,,,2023-04-06 15:04:39.397582,209,False,False,
1,1,Battle Sliver,m14,Near Mint,English,,,2023-04-06 15:04:39.398099,128,False,False,
1,1,Blur Sliver,m14,Near Mint,English,,,2023-04-06 15:04:39.398617,129,False,False,
1,1,Galerider Sliver,m14,Near Mint,English,,,2023-04-06 15:04:39.399140,57,False,False,
1,1,Striking Sliver,m14,Near Mint,English,,,2023-04-06 15:04:39.399662,157,False,False,
1,1,Thorncaster Sliver,m14,Near Mint,English,,,2023-04-06 15:04:39.400183,158,False,False,
1,1,Megantic Sliver,m14,Near Mint,English,foil,,2023-04-06 15:04:39.400708,185,False,False,
1,1,Predatory Sliver,m14,Near Mint,English,,,2023-04-06 15:04:39.401227,189,False,False,
1,1,Sentinel Sliver,m14,Near Mint,English,,,2023-04-06 15:04:39.401748,30,False,False,
1,1,Manaweft Sliver,m14,Near Mint,English,,,2023-04-06 15:04:39.402272,184,False,False,
1,1,Doom Blade,m14,Near Mint,English,,,2023-04-06 15:04:39.402792,96,False,False,
1,1,Lava Axe,m14,Near Mint,English,,,2023-04-06 15:04:39.403310,143,False,False,
1,1,Elvish Mystic,m14,Near Mint,English,,,2023-04-06 15:04:39.403830,169,False,False,
1,1,Sanguine Bond,m14,Near Mint,English,,,2023-04-06 15:04:39.404350,112,False,False,
1,1,Tome Scour,m14,Near Mint,English,,,2023-04-06 15:04:39.404870,75,False,False,
1,1,Imposing Sovereign,m14,Near Mint,English,,,2023-04-06 15:04:39.405389,22,False,False,
1,1,Traumatize,m14,Near Mint,English,,,2023-04-06 15:04:39.405911,77,False,False,
1,1,Diabolic Tutor,m14,Near Mint,English,,,2023-04-06 15:04:39.406431,95,False,False,
1,1,Sliver Hive,m15,Near Mint,English,,,2023-04-06 15:04:39.406950,247,False,False,
1,1,Constricting Sliver,m15,Near Mint,English,,,2023-04-06 15:04:39.407470,7,False,False,
1,1,Diffusion Sliver,m15,Near Mint,English,,,2023-04-06 15:04:39.407988,50,False,False,
1,1,Venom Sliver,m15,Near Mint,English,,,2023-04-06 15:04:39.408510,205,False,False,
1,1,Sliver Hivelord,m15,Near Mint,English,,,2023-04-06 15:04:39.409033,211,False,False,
1,1,Typhoid Rats,m15,Near Mint,English,,,2023-04-06 15:04:39.409554,118,False,False,
1,1,Sword of the Animist,ori,Near Mint,English,,,2023-04-06 15:04:39.410076,240,False,False,
1,1,Caustic Caterpillar,ori,Near Mint,English,,,2023-04-06 15:04:39.410596,170,False,False,
1,1,Willbreaker,ori,Near Mint,English,,,2023-04-06 15:04:39.411117,84,False,False,
1,1,Llanowar Wastes,ori,Near Mint,English,,,2023-04-06 15:04:39.411642,248,False,False,
1,1,Jace's Sanctum,ori,Near Mint,English,,,2023-04-06 15:04:39.412169,61,False,False,
1,1,Quicksmith Rebel,mlp,Near Mint,English,foil,,2023-04-06 15:04:39.412702,37s,False,False,
1,1,Dark Ritual,mm,Near Mint,English,,,2023-04-06 15:04:39.413229,129,False,False,
1,1,Pernicious Deed,a25,Near Mint,English,,,2023-04-06 15:04:39.413753,212,False,False,
1,1,Arbor Elf,a25,Near Mint,English,,,2023-04-06 15:04:39.414272,160,False,False,
1,1,Vessel of Nascency,a25,Near Mint,English,,,2023-04-06 15:04:39.414792,193,False,False,
1,1,Brainstorm,a25,Near Mint,English,,,2023-04-06 15:04:39.415312,46,False,False,
1,1,Pacifism,mr,Near Mint,English,,,2023-04-06 15:04:39.415831,199v,False,False,
1,1,Leonin Elder,mi,Near Mint,English,,,2023-04-06 15:04:39.416350,10,False,False,
1,1,Mindslaver,mi,Near Mint,English,foil,,2023-04-06 15:04:39.416871,206,False,False,
1,1,Go for the Throat,mbs,Near Mint,English,,,2023-04-06 15:04:39.417391,43,False,False,
1,1,Knowledge Pool,mbs,Near Mint,English,,,2023-04-06 15:04:39.417910,111,False,False,
1,1,Blue Sun's Zenith,mbs,Near Mint,English,,,2023-04-06 15:04:39.418431,20,False,False,
1,1,Path to Exile,md1,Near Mint,English,,,2023-04-06 15:04:39.418954,3,False,False,
1,1,Altar of Dementia,mh1,Near Mint,English,,,2023-04-06 15:04:39.419474,218,False,False,
1,1,Tranquil Thicket,mh1,Near Mint,English,,,2023-04-06 15:04:39.419997,248,False,False,
1,1,Ephemerate,mh1,Near Mint,English,,,2023-04-06 15:04:39.420518,7,False,False,
1,1,Fact or Fiction,mh1,Near Mint,English,,,2023-04-06 15:04:39.421044,50,False,False,
1,1,Bladeback Sliver,mh1,Near Mint,English,,,2023-04-06 15:04:39.421581,119,False,False,
1,1,Spiteful Sliver,mh1,Near Mint,English,,,2023-04-06 15:04:39.422258,148,False,False,
1,1,Cloudshredder Sliver,mh1,Near Mint,English,,,2023-04-06 15:04:39.422893,195,False,False,
1,1,Enduring Sliver,mh1,Near Mint,English,,,2023-04-06 15:04:39.423473,6,False,False,
1,1,Tempered Sliver,mh1,Near Mint,English,,,2023-04-06 15:04:39.424038,183,False,False,
1,1,Defile,mh1,Near Mint,English,,,2023-04-06 15:04:39.424607,86,False,False,
1,1,"Morophon, the Boundless",mh1,Near Mint,English,,,2023-04-06 15:04:39.425173,1,False,False,
1,1,Spore Frog,mh1,Near Mint,English,foil,,2023-04-06 15:04:39.425736,180,False,False,
1,1,Yavimaya Elder,mh2,Near Mint,English,,,2023-04-06 15:04:39.426306,288,False,False,
1,1,Greed,mh2,Near Mint,English,,,2023-04-06 15:04:39.426864,274,False,False,
1,1,Patriarch's Bidding,mh2,Near Mint,English,,,2023-04-06 15:04:39.427429,275,False,False,
1,1,Counterspell,mh2,Near Mint,English,foil,,2023-04-06 15:04:39.428010,267,False,False,
1,1,Skirge Familiar,mh2,Near Mint,English,,,2023-04-06 15:04:39.428576,276,False,False,
1,1,Patchwork Gnomes,mh2,Near Mint,English,,,2023-04-06 15:04:39.429143,299,False,False,
1,1,The Underworld Cookbook,mh2,Near Mint,English,,,2023-04-06 15:04:39.429703,240,False,False,
1,1,Millikin,mh2,Near Mint,English,,,2023-04-06 15:04:39.430263,297,False,False,
1,1,Echoing Return,mh2,Near Mint,English,,,2023-04-06 15:04:39.430817,83,False,False,
1,1,Timeless Witness,mh2,Near Mint,English,,,2023-04-06 15:04:39.431372,179,False,False,
1,1,Cursed Totem,mh2,Near Mint,English,,,2023-04-06 15:04:39.431933,295,False,False,
1,1,Dakmor Salvage,mma,Near Mint,English,,,2023-04-06 15:04:39.432498,222,False,False,
1,1,Wayfarer's Bauble,mm2,Near Mint,English,,,2023-04-06 15:04:39.433062,234,False,False,
1,1,"Niv-Mizzet, the Firemind",mm2,Near Mint,English,,,2023-04-06 15:04:39.433618,182,False,False,
1,1,Seaside Citadel,mm3,Near Mint,English,,,2023-04-06 15:04:39.434176,245,False,False,
1,1,Seal of Doom,mm3,Near Mint,English,,,2023-04-06 15:04:39.434736,83,False,False,
1,1,Tandem Lookout,mm3,Near Mint,English,,,2023-04-06 15:04:39.435297,53,False,False,
1,1,Crystal Ball,mb1,Near Mint,English,,,2023-04-06 15:04:39.435856,1568,False,False,
1,1,Exclude,mb1,Near Mint,English,,,2023-04-06 15:04:39.436409,369,False,False,
1,1,Fascination,mb1,Near Mint,English,,,2023-04-06 15:04:39.436967,375,False,False,
1,1,Zur's Weirding,mb1,Near Mint,English,foil,,2023-04-06 15:04:39.437505,1996,False,False,
1,1,Spelltithe Enforcer,mb1,Near Mint,English,foil,,2023-04-06 15:04:39.438042,1980,False,False,
1,1,Trinket Mage,mb1,Near Mint,English,,,2023-04-06 15:04:39.438594,533,False,False,
1,1,Sapphire Charm,mb1,Near Mint,English,,,2023-04-06 15:04:39.439131,478,False,False,
1,1,The Gitrog Monster,mb1,Near Mint,English,,,2023-04-06 15:04:39.439664,1430,False,False,
1,1,Questing Phelddagrif,mb1,Near Mint,English,,,2023-04-06 15:04:39.440198,1469,False,False,
1,1,Marrow-Gnawer,mb1,Near Mint,English,foil,,2023-04-06 15:04:39.440731,2003,False,False,
1,1,Solemn Simulacrum,mb1,Near Mint,English,,,2023-04-06 15:04:39.441264,1632,False,False,
1,1,Carpet of Flowers,mb1,Near Mint,English,,,2023-04-06 15:04:39.441808,1156,False,False,
1,1,Mindreaver,bng,Near Mint,English,,,2023-04-06 15:04:39.442365,44,False,False,
1,1,Asphyxiate,bng,Near Mint,English,foil,,2023-04-06 15:04:39.442900,60,False,False,
1,1,Divining Witch,ne,Near Mint,English,,,2023-04-06 15:04:39.443434,57,False,False,
1,1,Seal of Removal,ne,Near Mint,English,,,2023-04-06 15:04:39.443970,42,False,False,
1,1,Cowardice,9e,Near Mint,English,,,2023-04-06 15:04:39.444527,70,False,False,
1,1,Diabolic Tutor,9e,Near Mint,English,,,2023-04-06 15:04:39.445075,125,False,False,
1,1,Fellwar Stone,ncc,Near Mint,English,,,2023-04-06 15:04:39.445634,367,False,False,
1,1,"Tivit, Seller of Secrets",ncc,Near Mint,English,,,2023-04-06 15:04:39.446201,10,False,False,
1,1,Blighted Agent,nph,Near Mint,English,,,2023-04-06 15:04:39.446761,29,False,False,
1,1,Isolation Cell,nph,Near Mint,English,,,2023-04-06 15:04:39.447313,141,False,False,
1,1,Glistener Elf,nph,Near Mint,English,,,2023-04-06 15:04:39.447848,111,False,False,
1,1,Omen Machine,nph,Near Mint,English,,,2023-04-06 15:04:39.448385,148,False,False,
1,1,Gitaxian Probe,nph,Near Mint,English,,,2023-04-06 15:04:39.448922,35,False,False,
1,1,Defense of the Heart,ul,Near Mint,English,,,2023-04-06 15:04:39.449456,100,False,False,
1,1,Yavimaya Granger,ul,Near Mint,English,,,2023-04-06 15:04:39.449997,118,False,False,
1,1,Second Chance,ul,Near Mint,English,,,2023-04-06 15:04:39.450533,41,False,False,
1,1,Cephalid Coliseum,od,Near Mint,English,,,2023-04-06 15:04:39.451067,317,False,False,
1,1,Diligent Farmhand,od,Near Mint,English,,,2023-04-06 15:04:39.451604,237,False,False,
1,1,Buried Alive,od,Near Mint,English,,,2023-04-06 15:04:39.452142,118,False,False,
1,1,Cabal Pit,od,Near Mint,English,,,2023-04-06 15:04:39.452674,315,False,False,
1,1,Mana Leak,8e,Near Mint,English,,,2023-04-06 15:04:39.453207,89,False,False,
1,1,Sword of the Paruns,gp,Near Mint,English,,,2023-04-06 15:04:39.453741,156,False,False,
1,1,Umbral Mantle,shm,Near Mint,English,,,2023-04-06 15:04:39.454276,267,False,False,
1,1,Deepchannel Mentor,shm,Near Mint,English,,,2023-04-06 15:04:39.454812,35,False,False,
1,1,"Oona, Queen of the Fae",shm,Near Mint,English,,,2023-04-06 15:04:39.455345,172,False,False,
1,1,Plague of Vermin,shm,Near Mint,English,,,2023-04-06 15:04:39.455879,73,False,False,
1,1,Beseech the Queen,shm,Near Mint,English,,,2023-04-06 15:04:39.456414,57,False,False,
1,1,Gitaxian Anatomist,one,Near Mint,English,,,2023-04-06 15:04:39.456947,52,False,False,
1,1,Bladehold War-Whip,one,Near Mint,English,,,2023-04-06 15:04:39.457479,197,False,False,
1,1,Prosthetic Injector,one,Near Mint,English,,,2023-04-06 15:04:39.458015,239,False,False,
1,1,"Karumonix, the Rat King",one,Near Mint,English,,,2023-04-06 15:04:39.458552,98,False,False,
1,1,"Thrun, Breaker of Silence",one,Near Mint,English,,,2023-04-06 15:04:39.459087,186,False,False,
1,1,Oil-Gorger Troll,one,Near Mint,English,,,2023-04-06 15:04:39.459619,177,False,False,
1,1,Quicksilver Fisher,bione,Near Mint,English,,,2023-04-06 15:04:39.460152,287,False,False,
1,1,Explosive Vegetation,pch,Near Mint,English,,,2023-04-06 15:04:39.460688,70,False,False,
1,1,Quietus Spike,pc2,Near Mint,English,,,2023-04-06 15:04:39.461223,112,False,False,
1,1,Tainted Isle,pc2,Near Mint,English,,,2023-04-06 15:04:39.461761,128,False,False,
1,1,Glen Elendra Liege,pc2,Near Mint,English,,,2023-04-06 15:04:39.462299,94,False,False,
1,1,Crypt Ghast,gtc,Near Mint,English,,,2023-04-06 15:04:39.462847,61,False,False,
1,1,Death's Approach,gtc,Near Mint,English,,,2023-04-06 15:04:39.463396,62,False,False,
1,1,Mugging,gtc,Near Mint,English,,,2023-04-06 15:04:39.463944,102,False,False,
1,1,AEtherize,gtc,Near Mint,English,,,2023-04-06 15:04:39.464490,29,False,False,
1,1,Duskmantle Guildmage,gtc,Near Mint,English,,,2023-04-06 15:04:39.465057,158,False,False,
1,1,Godless Shrine,gtc,Near Mint,English,,,2023-04-06 15:04:39.465619,242,False,False,
1,1,Immortal Servitude,gtc,Near Mint,English,,,2023-04-06 15:04:39.466176,220,False,False,
1,1,Stomping Ground,gtc,Near Mint,English,,,2023-04-06 15:04:39.466736,247,False,False,
1,1,Watery Grave,gtc,Near Mint,English,,,2023-04-06 15:04:39.467275,249,False,False,
1,1,Gemhide Sliver,pds,Near Mint,English,foil,,2023-04-06 15:04:39.467792,8,False,False,
1,1,Rhystic Study,pr,Near Mint,English,,,2023-04-06 15:04:39.468308,45,False,False,
1,1,Reliquary Tower,pbrif,Near Mint,English,foil,,2023-04-06 15:04:39.468828,1,False,False,
1,1,Armageddon,4e,Near Mint,English,,,2023-04-06 15:04:39.469344,15v,False,False,
1,1,Control Magic,4e,Near Mint,English,,,2023-04-06 15:04:39.469859,65v,False,False,
1,1,Stasis,4e,Near Mint,English,,,2023-04-06 15:04:39.470377,293v,False,False,
1,1,Shatter,4e,Near Mint,English,,,2023-04-06 15:04:39.470893,280v,False,False,
1,1,Kismet,4e,Near Mint,English,,,2023-04-06 15:04:39.471407,179v,False,False,
1,1,Island Sanctuary,4e,Near Mint,English,,,2023-04-06 15:04:39.471927,168v,False,False,
1,1,Disintegrate,5e,Near Mint,English,,,2023-04-06 15:04:39.472443,102v,False,False,
1,1,Nevinyrral's Disk,5e,Near Mint,English,,,2023-04-06 15:04:39.472964,274v,False,False,
1,1,Voyager Staff,rav,Near Mint,English,,,2023-04-06 15:04:39.473493,274,False,False,
1,1,Woebringer Demon,rav,Near Mint,English,,,2023-04-06 15:04:39.474011,113,False,False,
1,1,Reroute,rav,Near Mint,English,,,2023-04-06 15:04:39.474532,139,False,False,
1,1,Golgari Thug,rav,Near Mint,English,,,2023-04-06 15:04:39.475049,87,False,False,
1,1,Golgari Grave-Troll,rav,Near Mint,English,,,2023-04-06 15:04:39.475565,167,False,False,
1,1,Into the Roil,znr,Near Mint,English,,,2023-04-06 15:04:39.476082,62,False,False,
1,1,Maddening Cacophony,znr,Near Mint,English,,,2023-04-06 15:04:39.476601,67,False,False,
1,1,"Jace, Mirror Mage",znr,Near Mint,English,,,2023-04-06 15:04:39.477119,63,False,False,
1,1,Master of Winds,znr,Near Mint,English,,,2023-04-06 15:04:39.477641,68,False,False,
1,1,Roiling Vortex,znr,Near Mint,English,,,2023-04-06 15:04:39.478157,156,False,False,
1,1,Tormenting Voice,znr,Near Mint,English,,,2023-04-06 15:04:39.478675,172,False,False,
1,1,Pithing Needle,rtr,Near Mint,English,,,2023-04-06 15:04:39.479191,231,False,False,
1,1,Chronic Flooding,rtr,Near Mint,English,,,2023-04-06 15:04:39.479708,32,False,False,
1,1,Guttersnipe,rtr,Near Mint,English,,,2023-04-06 15:04:39.480227,98,False,False,
1,1,Pack Rat,rtr,Near Mint,English,,,2023-04-06 15:04:39.480742,73,False,False,
1,1,Fall of the Gavel,rtr,Near Mint,English,,,2023-04-06 15:04:39.481258,161,False,False,
1,1,Cremate,rtr,Near Mint,English,,,2023-04-06 15:04:39.481778,59,False,False,
1,1,Blood Crypt,rtr,Near Mint,English,,,2023-04-06 15:04:39.482298,238,False,False,
1,1,Pursuit of Flight,rtr,Near Mint,English,,,2023-04-06 15:04:39.482814,102,False,False,
1,1,Viashino Racketeer,rtr,Near Mint,English,,,2023-04-06 15:04:39.483332,112,False,False,
1,1,Cyclonic Rift,rtr,Near Mint,English,,,2023-04-06 15:04:39.483853,35,False,False,
1,1,Hallowed Fountain,rtr,Near Mint,English,,,2023-04-06 15:04:39.484371,241,False,False,
1,1,"Jarad, Golgari Lich Lord",rtr,Near Mint,English,,,2023-04-06 15:04:39.484890,174,False,False,
1,1,Temple Garden,rtr,Near Mint,English,,,2023-04-06 15:04:39.485406,248,False,False,
1,1,Slime Molding,rtr,Near Mint,English,,,2023-04-06 15:04:39.485925,135,False,False,
1,1,"Niv-Mizzet, Dracogenius",rtr,Near Mint,English,,,2023-04-06 15:04:39.486444,183,False,False,
1,1,Transguild Promenade,rtr,Near Mint,English,,,2023-04-06 15:04:39.486961,249,False,False,
1,1,Mercurial Chemister,rtr,Near Mint,English,,,2023-04-06 15:04:39.487479,180,False,False,
2,1,Drainpipe Vermin,rtr,Near Mint,English,,,2023-04-06 15:04:39.487997,66,False,False,
1,1,Dramatic Rescue,rtr,Near Mint,English,,,2023-04-06 15:04:39.488516,156,False,False,
1,1,Overgrown Tomb,rtr,Near Mint,English,,,2023-04-06 15:04:39.489034,243,False,False,
1,1,Deathrite Shaman,rtr,Near Mint,English,,,2023-04-06 15:04:39.489552,213,False,False,
1,1,Stern Mentor,avr,Near Mint,English,foil,,2023-04-06 15:04:39.490072,77,False,False,
1,1,Deadeye Navigator,avr,Near Mint,English,,,2023-04-06 15:04:39.490590,47,False,False,
1,1,Regeneration,rv,Near Mint,English,,,2023-04-06 15:04:39.491108,205v,False,False,
1,1,Secret Salvage,aer,Near Mint,English,,,2023-04-06 15:04:39.491629,71,False,False,
1,1,Ravenous Chupacabra,rix,Near Mint,English,,,2023-04-06 15:04:39.492155,82,False,False,
1,1,Gruesome fate,rix,Near Mint,English,foil,,2023-04-06 15:04:39.492676,75,False,False,
1,1,World Shaper,rix,Near Mint,English,,,2023-04-06 15:04:39.493196,151,False,False,
1,1,Pitiless Plunderer,rix,Near Mint,English,,,2023-04-06 15:04:39.493713,81,False,False,
1,1,Illicit Shipment,snc,Near Mint,English,,,2023-04-06 15:04:39.494236,83,False,False,
1,1,Fake Your Own Death,snc,Near Mint,English,,,2023-04-06 15:04:39.494754,79,False,False,
1,1,Pyre-Sledge Arsonist,snc,Near Mint,English,,,2023-04-06 15:04:39.495274,118,False,False,
1,1,An Offer You Can't Refuse,snc,Near Mint,English,,,2023-04-06 15:04:39.495789,51,False,False,
1,1,Pugnacious Pugilist,snc,Near Mint,English,,,2023-04-06 15:04:39.496309,117,False,False,
1,1,Big Score,snc,Near Mint,English,foil,,2023-04-06 15:04:39.496826,102,False,False,
1,1,"Queza, Augur of Agonies",gasnc,Near Mint,English,,,2023-04-06 15:04:39.497363,326,False,False,
1,1,"Jaxis, the Troublemaker",psnc,Near Mint,English,foil,,2023-04-06 15:04:39.497883,461,False,False,
1,1,Llanowar Elves,7e,Near Mint,English,,,2023-04-06 15:04:39.498407,253,False,False,
1,1,Howling Mine,7e,Near Mint,English,,,2023-04-06 15:04:39.498926,300,False,False,
1,1,Sleight of Hand,7e,Near Mint,English,,,2023-04-06 15:04:39.499447,98,False,False,
1,1,Tolarian Winds,7e,Near Mint,English,,,2023-04-06 15:04:39.499970,105,False,False,
1,1,Manabarbs,6e,Near Mint,English,,,2023-04-06 15:04:39.500492,194,False,False,
1,1,Memory Lapse,6e,Near Mint,English,,,2023-04-06 15:04:39.501012,81,False,False,
1,1,Raise Dead,6e,Near Mint,English,,,2023-04-06 15:04:39.501532,152,False,False,
1,1,Forgotten Creation,soi,Near Mint,English,,,2023-04-06 15:04:39.502059,63,False,False,
1,1,Choked Estuary,soi,Near Mint,English,,,2023-04-06 15:04:39.502580,270,False,False,
1,1,Sinister Concoction,soi,Near Mint,English,,,2023-04-06 15:04:39.503100,135,False,False,
1,1,Warped Landscape,soi,Near Mint,English,,,2023-04-06 15:04:39.503620,280,False,False,
1,1,Crawling Sensation,soi,Near Mint,English,,,2023-04-06 15:04:39.504142,199,False,False,
1,1,Tendrils of Agony,sta,Near Mint,English,,,2023-04-06 15:04:39.504661,34,False,False,
1,1,Negate,sta,Near Mint,English,,,2023-04-06 15:04:39.505182,18,False,False,
1,1,Gods Willing,sta,Near Mint,English,,,2023-04-06 15:04:39.505702,7,False,False,
1,1,Clot Sliver,tp,Near Mint,English,,,2023-04-06 15:04:39.506220,45v,False,False,
1,1,Winged Sliver,tp,Near Mint,English,,,2023-04-06 15:04:39.506742,332v,False,False,
1,1,Talon Sliver,tp,Near Mint,English,,,2023-04-06 15:04:39.507261,299v,False,False,
1,1,Muscle Sliver,tp,Near Mint,English,,,2023-04-06 15:04:39.507781,187v,False,False,
1,1,Lotus Petal,tp,Near Mint,English,,,2023-04-06 15:04:39.508306,159v,False,False,
1,1,Rats of Rath,tp,Near Mint,English,,,2023-04-06 15:04:39.508836,220v,False,False,
1,1,Steal Enchantment,tp,Near Mint,English,,,2023-04-06 15:04:39.509359,291v,False,False,
1,1,Capsize,tp,Near Mint,English,,,2023-04-06 15:04:39.509907,31v,False,False,
1,1,Carapace,hl,Near Mint,English,,,2023-04-06 15:04:39.510428,84,False,False,
1,1,Joven,hl,Near Mint,English,,,2023-04-06 15:04:39.510948,77,False,False,
1,1,Bog Rats,dk,Near Mint,English,,,2023-04-06 15:04:39.511468,11v,False,False,
1,1,Asmoranomardicadaistinaculdacar,plist,Near Mint,English,,,2023-04-06 15:04:39.511992,732s,False,False,
1,1,Angel's Grace,plist,Near Mint,English,,,2023-04-06 15:04:39.512510,6,False,False,
1,1,Bident of Thassa,ths,Near Mint,English,,,2023-04-06 15:04:39.513035,42,False,False,
1,1,Swan Song,ths,Near Mint,English,,,2023-04-06 15:04:39.513553,65,False,False,
1,1,Read the Bones,ths,Near Mint,English,,,2023-04-06 15:04:39.514074,101,False,False,
1,1,Gray Merchant of Asphodel,ths,Near Mint,English,,,2023-04-06 15:04:39.514593,89,False,False,
1,1,Opaline Unicorn,ths,Near Mint,English,,,2023-04-06 15:04:39.515110,218,False,False,
1,1,"Xenagos, the Reveler",ths,Near Mint,English,,,2023-04-06 15:04:39.515630,209,False,False,
1,1,Ilysian Caryatid,thb,Near Mint,English,,,2023-04-06 15:04:39.516161,174,False,False,
1,1,Demon of Loathing,thb,Near Mint,English,,,2023-04-06 15:04:39.516683,292,False,False,
1,1,Wavebreak Hippocamp,thb,Near Mint,English,,,2023-04-06 15:04:39.517209,80,False,False,
1,1,Ichthyomorphosis,thb,Near Mint,English,,,2023-04-06 15:04:39.517731,51,False,False,
1,1,Gravebreaker Lamia,thb,Near Mint,English,,,2023-04-06 15:04:39.518250,98,False,False,
1,1,Final Death,thb,Near Mint,English,foil,,2023-04-06 15:04:39.518770,95,False,False,
1,1,Whirlwind Denial,thb,Near Mint,English,,,2023-04-06 15:04:39.519287,81,False,False,
1,1,Thassa's Oracle,thb,Near Mint,English,,,2023-04-06 15:04:39.519814,73,False,False,
1,1,Underworld Dreams,thb,Near Mint,English,,,2023-04-06 15:04:39.520350,121,False,False,
1,1,Cabal Surgeon,tr,Near Mint,English,,,2023-04-06 15:04:39.520870,52,False,False,
1,1,Putrid Imp,tr,Near Mint,English,,,2023-04-06 15:04:39.521389,77,False,False,
1,1,Cabal Ritual,tr,Near Mint,English,,,2023-04-06 15:04:39.521913,51,False,False,
1,1,Kami of False Hope,bok,Near Mint,English,,,2023-04-06 15:04:39.522433,10,False,False,
1,1,Rosethorn Acolyte // Seasonal Ritual,eld,Near Mint,English,,,2023-04-06 15:04:39.522952,174,False,False,
1,1,Archon of Absolution,eld,Near Mint,English,foil,,2023-04-06 15:04:39.523473,3,False,False,
1,1,"Ayara, First of Locthwain",eld,Near Mint,English,,,2023-04-06 15:04:39.523995,75,False,False,
1,1,Witch's Cottage,eld,Near Mint,English,,,2023-04-06 15:04:39.524516,249,False,False,
1,1,Giant's Skewer,eld,Near Mint,English,,,2023-04-06 15:04:39.525036,91,False,False,
1,1,Foreboding Fruit,eld,Near Mint,English,,,2023-04-06 15:04:39.525556,88,False,False,
1,1,Run Away Together,eld,Near Mint,English,,,2023-04-06 15:04:39.526080,62,False,False,
1,1,Festive Funeral,eld,Near Mint,English,,,2023-04-06 15:04:39.526600,87,False,False,
1,1,Steelgaze Griffin,eld,Near Mint,English,,,2023-04-06 15:04:39.527123,65,False,False,
1,1,"Kenrith, the Returned King",eld,Near Mint,English,,,2023-04-06 15:04:39.527647,303,False,False,
1,1,Didn't Say Please,eld,Near Mint,English,foil,,2023-04-06 15:04:39.528170,42,False,False,
1,1,Opt,eld,Near Mint,English,,,2023-04-06 15:04:39.528693,59,False,False,
1,1,Golden Egg,eld,Near Mint,English,,,2023-04-06 15:04:39.529215,220,False,False,
1,1,Crashing Drawbridge,eld,Near Mint,English,,,2023-04-06 15:04:39.529737,217,False,False,
1,1,Mystic Sanctuary,eld,Near Mint,English,,,2023-04-06 15:04:39.530257,247,False,False,
1,1,"Syr Konrad, the Grim",eld,Near Mint,English,,,2023-04-06 15:04:39.530778,107,False,False,
1,1,Turn into a Pumpkin,eld,Near Mint,English,foil,,2023-04-06 15:04:39.531299,69,False,False,
1,1,Piper of the Swarm,preld,Near Mint,English,foil,,2023-04-06 15:04:39.531825,1s,False,False,
1,1,Faerie Guidemother // Gift of Fae,celd,Near Mint,English,,,2023-04-06 15:04:39.532345,274,False,False,
1,1,Stitcher's Apprentice,uma,Near Mint,English,,,2023-04-06 15:04:39.532866,73,False,False,
1,1,Olivia's Dragoon,uma,Near Mint,English,,,2023-04-06 15:04:39.533388,109,False,False,
1,1,Wild Mongrel,uma,Near Mint,English,,,2023-04-06 15:04:39.533913,194,False,False,
1,1,Rogue's Passage,uma,Near Mint,English,,,2023-04-06 15:04:39.534436,250,False,False,
1,1,Lord of Extinction,uma,Near Mint,English,foil,,2023-04-06 15:04:39.534974,203,False,False,
1,1,Turn to Mist,uma,Near Mint,English,,,2023-04-06 15:04:39.535498,224,False,False,
1,1,Demonic Tutor,uma,Near Mint,English,,,2023-04-06 15:04:39.536022,93,False,False,
1,1,Forest,ust,Near Mint,English,,,2023-04-06 15:04:39.536548,216,False,False,
1,1,Island,ust,Near Mint,English,,,2023-04-06 15:04:39.537085,213,False,False,
2,1,Swamp,ust,Near Mint,English,,,2023-04-06 15:04:39.537613,214,False,False,
1,1,Hubris,jou,Near Mint,English,,,2023-04-06 15:04:39.538142,41,False,False,
1,1,Dictate of Karametra,jou,Near Mint,English,,,2023-04-06 15:04:39.538684,121,False,False,
1,1,Nyx Weaver,jou,Near Mint,English,,,2023-04-06 15:04:39.539208,153,False,False,
1,1,Dryad Arbor,fut,Near Mint,English,,,2023-04-06 15:04:39.539731,174,False,False,
1,1,Virulent Sliver,fut,Near Mint,English,,,2023-04-06 15:04:39.540253,155,False,False,
1,1,Slaughter Pact,fut,Near Mint,English,,,2023-04-06 15:04:39.540775,78,False,False,
1,1,Elephant Grass,vi,Near Mint,English,,,2023-04-06 15:04:39.541295,31v,False,False,
1,1,Man-o'-War,vi,Near Mint,English,,,2023-04-06 15:04:39.541821,82v,False,False,
1,1,Prosperity,vi,Near Mint,English,,,2023-04-06 15:04:39.542344,101v,False,False,
1,1,Crypt Rats,vi,Near Mint,English,,,2023-04-06 15:04:39.542867,20v,False,False,
1,1,Fabled Passage,pwp21,Near Mint,English,foil,,2023-04-06 15:04:39.543390,04,False,False,
1,1,Mind Stone,pwp21,Near Mint,English,foil,,2023-04-06 15:04:39.543916,05,False,False,
1,1,Kor Cartographer,zen,Near Mint,English,,,2023-04-06 15:04:39.544437,18,False,False,
1,1,Verdant Catacombs,zen,Near Mint,English,,,2023-04-06 15:04:39.544978,229,False,False,
1,1,Soul Stair Expedition,zen,Near Mint,English,,,2023-04-06 15:04:39.545502,112,False,False,
1,1,Khalni Heart Expedition,zen,Near Mint,English,,,2023-04-06 15:04:39.546046,167,False,False,
1,1,Misty Rainforest,zen,Near Mint,English,,,2023-04-06 15:04:39.546570,220,False,False,
1,1,Island,zen,Near Mint,English,,,2023-04-06 15:04:39.547094,234,False,False,
1,1,Consuming Aberration,znc,Near Mint,English,,,2023-04-06 15:04:39.547618,89,False,False,
1,1,"Lazav, Dimir Mastermind",znc,Near Mint,English,,,2023-04-06 15:04:39.548141,92,False,False,
1,1,Ogre Slumlord,znc,Near Mint,English,,,2023-04-06 15:04:39.548664,50,False,False,
